1,Michael,Osborn,1/6/1986,Canada,6/19/2021
2,Christopher,Fowler,4/20/1973,Germany,11/6/2020
3,Jessica,Watkins,4/20/1994,Canada,3/6/2020
4,Matthew,Singh,8/24/1983,Georgia,3/19/2021
5,Ashley,Tran,6/19/1971,Canada,4/10/2021
6,Jennifer,Shaffer,9/14/1976,USA,1/11/2020
7,Joshua,Vaughan,10/12/1994,Other,9/28/2021
8,Amanda,Haley,12/23/1973,Germany,8/16/2020
9,Daniel,Brady,12/3/1958,Other,6/27/2021
10,David,Jennings,10/10/1980,Canada,11/27/2019
11,James,Reeves,2/11/1992,UK,5/3/2020
12,Robert,Arnold,2/15/1971,Other,1/3/2020
13,John,Kaiser,11/16/1982,Spain,12/24/2019
14,Joseph,Beard,6/5/1979,Canada,5/30/2019
15,Andrew,Miles,12/14/1991,Spain,3/1/2020
16,Ryan,Combs,9/5/1989,UK,3/18/2021
17,Brandon,Barker,11/28/1970,USA,5/31/2019
18,Jason,Mcknight,7/10/1977,Georgia,10/8/2020
19,Justin,Powers,3/29/1951,Spain,8/14/2020
20,Sarah,Howe,6/14/1977,Canada,11/23/2019
21,William,Gibbs,8/10/1998,France,3/7/2021
22,Jonathan,Hill,6/25/1995,Other,3/16/2020
23,Stephanie,Clements,9/13/1991,Georgia,9/19/2019
24,Brian,Pruitt,9/14/1979,Georgia,12/7/2019
25,Nicole,Garrett,1/5/1954,UK,11/15/2019
26,Nicholas,Velazquez,1/23/1979,Georgia,8/16/2019
27,Anthony,Allison,2/10/1975,UK,11/27/2019
28,Heather,Bender,3/30/1978,France,11/20/2019
29,Eric,Bond,10/20/1993,USA,1/13/2020
30,Elizabeth,Ellison,7/27/1965,Spain,3/13/2020
31,Adam,Horn,10/8/1975,USA,4/5/2020
32,Megan,Bolton,3/12/1998,UK,7/15/2020
33,Melissa,Randolph,1/25/1979,Georgia,10/13/2021
34,Kevin,Franklin,11/18/1962,Other,9/5/2020
35,Steven,Tyler,11/30/1953,Other,8/17/2020
36,Thomas,Dunn,8/14/1978,France,4/1/2020
37,Timothy,Cook,9/21/1993,Spain,1/31/2021
38,Christina,Conrad,5/24/1979,USA,9/20/2019
39,Kyle,Velasquez,9/16/1959,Georgia,9/15/2019
40,Rachel,Pena,4/1/1994,UK,6/20/2021
41,Laura,Summers,3/27/1977,Germany,4/4/2020
42,Lauren,Leonard,10/21/1998,UK,3/18/2020
43,Amber,Stafford,10/24/1955,Canada,5/13/2020
44,Brittany,Mcgee,5/22/1956,USA,5/19/2019
45,Danielle,Dennis,3/9/1950,UK,12/14/2019
46,Richard,Fowler,10/19/1994,Georgia,5/16/2020
47,Kimberly,Hahn,1/22/1984,UK,7/29/2021
48,Jeffrey,Duran,7/27/1976,Georgia,1/25/2021
49,Amy,Whitaker,11/3/1951,Other,2/23/2020
50,Crystal,Whitney,6/8/1954,USA,7/8/2021
51,Michelle,Combs,7/5/1968,USA,7/5/2021
52,Tiffany,Singleton,3/3/1979,France,2/26/2021
53,Jeremy,Goodwin,6/1/1969,UK,7/27/2020
54,Benjamin,Barnes,9/17/1974,Georgia,4/28/2021
55,Mark,Russo,12/22/1980,Canada,7/2/2021
56,Emily,Shah,1/1/1957,Germany,9/11/2021
57,Aaron,Reilly,4/19/1984,Canada,10/15/2019
58,Charles,Hill,5/29/1976,Other,8/23/2021
59,Rebecca,Sanchez,11/22/1968,Georgia,6/10/2020
60,Jacob,Frye,4/4/1983,Canada,9/19/2020
61,Stephen,Hurst,8/27/1971,Other,8/1/2020
62,Patrick,Klein,6/27/1999,Spain,10/20/2019
63,Sean,Austin,3/16/1970,Canada,11/13/2020
64,Erin,Montgomery,5/30/1972,USA,6/12/2019
65,Zachary,Harvey,7/16/1986,UK,9/3/2019
66,Jamie,Meza,9/20/1975,France,4/7/2021
67,Kelly,Thomas,11/13/1998,USA,11/5/2019
68,Samantha,Lambert,4/12/1992,Other,10/14/2019
69,Nathan,Ellis,1/28/1980,UK,10/12/2021
70,Sara,Giles,11/18/1965,Canada,6/4/2021
71,Dustin,Martinez,4/29/1960,USA,9/6/2020
72,Paul,Mcguire,8/25/1991,Germany,2/12/2020
73,Angela,Stanton,4/25/1969,Germany,5/15/2020
74,Tyler,Hardin,7/25/1971,Other,4/7/2020
75,Scott,Campbell,4/29/1955,Georgia,3/17/2020
76,Katherine,Cameron,5/9/1970,Canada,6/3/2020
77,Andrea,Fry,6/30/1983,Spain,9/13/2021
78,Gregory,Carney,7/12/1951,UK,9/24/2020
79,Erica,Gilmore,12/8/1973,Spain,12/5/2020
80,Mary,Cole,12/28/1963,USA,7/25/2020
81,Travis,Bolton,10/16/1971,Georgia,9/27/2019
82,Lisa,Goodwin,4/2/1981,Germany,6/29/2021
83,Kenneth,Mcconnell,8/27/1954,UK,9/18/2021
84,Bryan,Spence,6/24/1975,Georgia,10/10/2021
85,Lindsey,Mays,10/6/1972,Georgia,11/14/2020
86,Kristen,Bartlett,12/2/1968,USA,1/5/2020
87,Jose,Horn,2/23/1978,Georgia,1/19/2020
88,Alexander,Gould,1/16/1952,Canada,9/13/2020
89,Jesse,Mccullough,5/20/1994,Other,9/21/2020
90,Katie,Ashley,6/22/1974,Spain,8/17/2019
91,Lindsay,Potts,3/10/1983,UK,4/29/2020
92,Shannon,Carrillo,11/20/1961,Spain,11/29/2020
93,Vanessa,Gray,1/7/1960,UK,7/9/2020
94,Courtney,Mccullough,12/18/1978,Other,10/22/2019
95,Christine,Chambers,10/22/1962,Germany,1/16/2021
96,Alicia,Lewis,5/27/1956,Spain,6/2/2020
97,Cody,Stokes,6/14/1994,UK,7/13/2021
98,Allison,Robinson,5/26/1966,Other,9/20/2020
99,Bradley,Harmon,7/25/1979,USA,4/29/2020
100,Samuel,Poole,6/20/1955,Canada,5/4/2021
101,Shawn,Sellers,7/21/1984,Germany,5/23/2019
102,April,Simmons,1/30/1961,USA,12/25/2019
103,Derek,Delgado,6/23/1964,France,10/30/2019
104,Kathryn,Brandt,1/1/1955,UK,12/7/2020
105,Kristin,Fitzgerald,6/22/1995,Other,6/30/2021
106,Chad,Walton,12/29/1985,Georgia,6/24/2019
107,Jenna,Bonilla,8/3/1967,UK,5/23/2020
108,Tara,Charles,3/29/1999,Spain,9/19/2019
109,Maria,Browning,8/27/1983,Canada,9/29/2019
110,Krystal,Thomas,4/27/1960,Spain,7/10/2020
111,Jared,Lloyd,8/14/1986,Canada,2/2/2020
112,Anna,Irwin,5/25/1951,Spain,9/4/2019
113,Edward,Davenport,5/24/1970,Other,6/7/2021
114,Julie,Mcguire,9/30/1955,France,6/9/2019
115,Peter,Wilson,1/6/1987,Canada,8/29/2021
116,Holly,Arellano,7/26/1974,France,12/24/2020
117,Marcus,Good,11/7/1979,Spain,4/10/2020
118,Kristina,Brandt,10/20/1953,Other,6/21/2020
119,Natalie,Boyer,3/6/1985,France,6/16/2020
120,Jordan,Callahan,9/12/1991,Other,8/7/2020
121,Victoria,Chan,9/24/1955,USA,8/5/2019
122,Jacqueline,Benson,3/21/1962,Other,9/23/2020
123,Corey,Glover,8/10/1996,Other,7/17/2021
124,Keith,Walker,7/1/1963,Spain,6/1/2021
125,Monica,Pugh,10/31/1998,Canada,10/25/2021
126,Juan,Davila,6/8/1977,UK,11/1/2020
127,Donald,Henderson,3/7/1994,France,5/23/2019
128,Cassandra,May,8/27/1984,Canada,5/31/2021
129,Meghan,Rangel,9/18/1971,UK,12/10/2019
130,Joel,Rubio,5/2/1987,France,3/21/2020
131,Shane,Braun,6/2/1978,Georgia,3/22/2020
132,Phillip,Carrillo,11/15/1995,Georgia,6/15/2019
133,Patricia,Sosa,8/23/1973,Georgia,4/30/2020
134,Brett,Reynolds,4/29/1952,Germany,10/20/2020
135,Ronald,Durham,3/4/1960,Georgia,3/14/2020
136,Catherine,Bradley,7/7/1954,Germany,3/17/2020
137,George,Massey,11/25/1956,Georgia,10/2/2021
138,Antonio,Thomas,8/2/1950,Spain,5/24/2019
139,Cynthia,Cruz,10/21/1994,Canada,2/4/2020
140,Stacy,Coleman,1/29/1985,Canada,1/29/2021
141,Kathleen,Nunez,10/30/1982,Germany,3/20/2020
142,Raymond,Chan,4/10/1971,Germany,5/11/2020
143,Carlos,Robbins,10/24/1972,France,7/22/2019
144,Brandi,Parrish,10/30/1960,France,4/5/2021
145,Douglas,Austin,8/19/1981,UK,9/1/2019
146,Nathaniel,Mills,10/13/1987,Canada,6/12/2019
147,Ian,Meyer,7/21/1968,Spain,3/16/2020
148,Craig,Rhodes,4/16/1961,USA,6/27/2019
149,Brandy,Valenzuela,1/17/1971,UK,6/7/2021
150,Alex,Mccann,3/12/1975,Other,12/22/2019
151,Valerie,Duarte,11/3/1970,Other,8/15/2020
152,Veronica,Delgado,7/26/1994,France,3/7/2021
153,Cory,Moss,8/11/1974,Georgia,9/18/2019
154,Whitney,Fox,8/24/1965,USA,3/2/2021
155,Gary,Stephens,11/4/1956,Spain,8/30/2021
156,Derrick,Cooke,5/7/1976,Spain,4/29/2020
157,Philip,Beltran,4/29/1956,Germany,2/7/2020
158,Luis,Raymond,11/9/1970,Georgia,7/3/2020
159,Diana,Navarro,4/26/1982,Other,12/8/2020
160,Chelsea,Herman,11/1/1963,Spain,6/14/2019
161,Leslie,Murray,9/15/1989,Spain,1/30/2020
162,Caitlin,Shepard,9/2/1964,Other,8/15/2019
163,Leah,Moyer,2/4/1968,Spain,8/7/2020
164,Natasha,Ross,4/11/1985,Germany,10/3/2019
165,Erika,Kidd,11/9/1993,Canada,3/4/2020
166,Casey,Huffman,12/30/1965,Other,8/20/2021
167,Latoya,Lindsey,3/9/1963,Spain,4/30/2020
168,Erik,Roth,9/16/1993,Canada,10/1/2019
169,Dana,Fowler,2/7/1954,UK,10/25/2020
170,Victor,Meadows,10/7/1977,Spain,10/17/2021
171,Brent,Bradford,10/30/1963,Canada,5/19/2019
172,Dominique,Zavala,8/21/1961,USA,1/28/2021
173,Frank,Burnett,10/25/1994,USA,12/5/2020
174,Brittney,Sexton,4/23/1966,Canada,12/8/2020
175,Evan,Moon,11/20/1960,Georgia,3/30/2020
176,Gabriel,Lam,4/24/1981,USA,1/24/2021
177,Julia,Medina,9/8/1991,USA,4/26/2020
178,Candice,Reed,2/8/1953,UK,7/27/2020
179,Karen,Shepard,8/4/1954,UK,9/6/2020
180,Melanie,Molina,3/15/1978,France,1/28/2020
181,Adrian,Pearson,2/4/1982,Georgia,7/5/2021
182,Stacey,Martinez,1/12/1975,USA,9/21/2021
183,Margaret,Byrd,7/16/1950,Canada,11/3/2020
184,Sheena,Vaughan,12/4/1975,France,10/5/2020
185,Wesley,Hobbs,1/11/1991,UK,9/7/2019
186,Vincent,Dyer,3/19/1974,Other,11/24/2020
187,Alexandra,Pena,12/11/1979,Canada,7/21/2019
188,Katrina,Shannon,11/23/1991,Germany,6/24/2020
189,Bethany,Patel,8/17/1984,USA,5/26/2020
190,Nichole,Heath,3/31/1986,Georgia,9/16/2019
191,Larry,Barton,11/19/1981,Georgia,7/13/2020
192,Jeffery,Austin,4/6/1979,USA,7/18/2019
193,Curtis,Frost,6/21/1969,Germany,1/3/2020
194,Carrie,Beard,12/7/1960,France,3/10/2021
195,Todd,Brennan,6/8/1988,UK,10/1/2019
196,Blake,Aguilar,9/13/1962,Germany,10/3/2020
197,Christian,Morton,7/9/1979,Spain,3/20/2021
198,Randy,Peterson,10/3/1958,USA,6/16/2019
199,Dennis,Hayes,9/15/1963,USA,7/17/2020
200,Alison,Strong,4/8/1971,Spain,11/15/2019
201,Trevor,Coleman,3/24/1996,Canada,2/22/2021
202,Seth,Dunn,9/23/1975,UK,9/7/2019
203,Kara,Gibson,10/24/1981,Spain,1/1/2020
204,Joanna,Donovan,9/12/1957,Georgia,3/25/2020
205,Rachael,Arroyo,3/28/1993,UK,7/25/2019
206,Luke,Carson,9/14/1965,USA,9/16/2019
207,Felicia,Haynes,7/28/1979,Germany,8/1/2021
208,Brooke,Diaz,1/3/1956,USA,11/15/2019
209,Austin,Werner,3/14/1995,Spain,9/6/2021
210,Candace,Mejia,1/23/1984,France,12/7/2019
211,Jasmine,Caldwell,6/7/1980,Canada,6/3/2020
212,Jesus,Donovan,2/9/1971,Georgia,1/30/2021
213,Alan,Newton,6/9/1968,UK,9/5/2020
214,Susan,Everett,4/21/1963,France,6/22/2021
215,Sandra,Griffith,8/9/1983,Canada,11/25/2019
216,Tracy,Noble,7/5/1996,USA,1/3/2021
217,Kayla,Espinoza,7/29/1982,Germany,2/10/2020
218,Nancy,Travis,9/8/1996,UK,11/27/2020
219,Tina,Rivas,11/18/1991,Germany,9/10/2019
220,Krystle,Lambert,5/3/1991,Spain,5/11/2020
221,Russell,Hodge,1/10/1962,UK,7/5/2021
222,Jeremiah,Rangel,6/1/1965,USA,10/21/2020
223,Carl,Contreras,8/21/1997,Canada,8/3/2019
224,Miguel,Shaw,7/27/1996,Canada,12/2/2019
225,Tony,Ward,2/25/1960,Germany,2/26/2020
226,Alexis,Blake,10/4/1980,Spain,11/18/2019
227,Gina,Hines,3/6/1968,USA,1/17/2020
228,Jillian,Mcdowell,1/7/1984,Canada,6/2/2021
229,Pamela,Hampton,8/2/1968,Georgia,12/29/2019
230,Mitchell,Francis,10/20/1987,Germany,9/1/2019
231,Hannah,Mcneil,7/25/1962,USA,5/13/2020
232,Renee,Medina,11/15/1998,Georgia,3/27/2021
233,Denise,Goodman,10/10/1977,Other,4/5/2020
234,Molly,Stewart,2/12/1987,Spain,4/1/2020
235,Jerry,Wright,2/27/1976,Georgia,3/1/2021
236,Misty,Leach,11/6/1977,Other,5/6/2021
237,Mario,David,3/18/1999,Spain,10/19/2020
238,Johnathan,Galloway,9/22/1994,Georgia,9/8/2019
239,Jaclyn,Frazier,2/18/1960,Canada,6/18/2021
240,Brenda,Foster,4/27/1976,Germany,10/1/2019
241,Terry,Glenn,12/6/1993,Other,7/12/2021
242,Lacey,Cain,1/15/1961,Georgia,10/9/2019
243,Shaun,Benitez,6/28/1996,Canada,8/4/2020
244,Devin,Bauer,7/6/1951,USA,7/19/2020
245,Heidi,Pope,9/5/1991,Georgia,7/15/2020
246,Troy,Hammond,12/21/1950,Other,12/15/2019
247,Lucas,Copeland,8/15/1957,Other,8/18/2021
248,Desiree,Parks,2/18/1960,Other,9/19/2019
249,Jorge,Buckley,11/19/1957,Germany,7/30/2020
250,Andre,Hawkins,1/26/1988,Germany,8/14/2019
251,Morgan,Gibson,10/21/1987,Canada,7/25/2019
252,Drew,Payne,1/14/1991,USA,6/13/2020
253,Sabrina,Sims,4/5/1988,Spain,6/27/2021
254,Miranda,Marks,9/13/1989,France,11/15/2020
255,Alyssa,Cummings,4/27/1997,UK,12/5/2020
256,Alisha,Blair,11/26/1958,USA,6/10/2020
257,Teresa,Weber,9/9/1995,Canada,5/23/2019
258,Johnny,Lambert,10/5/1977,France,12/12/2020
259,Meagan,Houston,10/24/1973,Canada,2/18/2021
260,Allen,Horne,4/20/1990,USA,4/13/2021
261,Krista,Garza,3/19/1976,USA,6/8/2019
262,Marc,Odom,5/26/1994,Georgia,10/20/2021
263,Tabitha,Horton,10/18/1996,Germany,5/29/2019
264,Lance,Houston,6/13/1965,Georgia,10/12/2019
265,Ricardo,Fox,1/6/1986,Spain,10/17/2019
266,Martin,Richards,1/30/1966,USA,11/11/2019
267,Chase,Steele,11/7/1981,Other,8/19/2020
268,Theresa,Gonzales,8/10/1994,Spain,4/18/2020
269,Melinda,Moreno,10/13/1967,Canada,8/20/2019
270,Monique,Robbins,3/29/1984,Germany,1/10/2021
271,Tanya,Mann,10/15/1997,Georgia,7/26/2019
272,Linda,Erickson,2/1/1968,Other,9/16/2019
273,Kristopher,Wiley,7/8/1962,Other,4/4/2021
274,Bobby,Brock,2/1/1973,Spain,10/13/2021
275,Caleb,Wagner,11/5/1979,Other,4/6/2021
276,Ashlee,Oneal,2/27/1973,Germany,8/19/2020
277,Kelli,Potts,2/14/1993,France,8/30/2021
278,Henry,Klein,9/22/1976,France,4/5/2020
279,Garrett,Watkins,12/19/1975,Spain,12/25/2020
280,Mallory,Preston,12/19/1969,France,5/31/2020
281,Jill,Gallagher,5/17/1973,Germany,7/23/2019
282,Jonathon,Summers,7/15/1993,UK,4/15/2021
283,Kristy,Bowen,6/20/1969,Georgia,2/26/2020
284,Anne,Keith,5/11/1966,USA,9/22/2021
285,Francisco,Vazquez,7/22/1999,Spain,5/5/2021
286,Danny,Cobb,3/7/1998,USA,10/21/2019
287,Robin,Woodard,5/11/1968,Germany,11/30/2020
288,Lee,Long,6/7/1975,Canada,6/15/2021
289,Tamara,Shields,1/7/1953,France,3/19/2021
290,Manuel,Blankenship,1/22/1971,Other,1/14/2020
291,Meredith,Clark,10/17/1967,Georgia,10/1/2020
292,Colleen,Liu,12/31/1992,UK,7/16/2021
293,Lawrence,Strickland,3/15/1962,Other,7/17/2019
294,Christy,Perez,9/3/1985,Canada,11/5/2020
295,Ricky,Hopkins,10/2/1974,Spain,4/30/2021
296,Randall,Leblanc,5/19/1963,USA,7/16/2020
297,Marissa,Singleton,9/26/1989,Spain,10/31/2019
298,Ross,Sweeney,8/16/1965,USA,8/1/2019
299,Mathew,Knox,12/8/1975,Georgia,7/26/2021
300,Jimmy,Calderon,5/30/1983,Germany,2/24/2021
301,Abigail,Yu,7/28/1991,USA,4/14/2021
302,Kendra,Horn,12/15/1962,Other,1/13/2021
303,Carolyn,Baker,10/20/1966,Georgia,3/9/2020
304,Billy,Brady,6/23/1971,Canada,9/28/2020
305,Deanna,Malone,6/11/1987,Canada,6/16/2021
306,Jenny,Simpson,11/14/1973,UK,11/1/2020
307,Jon,Suarez,8/17/1985,Germany,11/5/2020
308,Albert,Gilmore,12/10/1977,Canada,2/26/2021
309,Taylor,Gomez,6/11/1961,Georgia,4/26/2020
310,Lori,Nichols,12/18/1968,Canada,1/26/2021
311,Rebekah,Norton,2/20/1963,Germany,6/24/2020
312,Cameron,Heath,7/12/1974,Spain,10/16/2021
313,Ebony,Cummings,12/4/1966,USA,2/25/2020
314,Wendy,Sims,7/27/1967,Germany,2/13/2021
315,Angel,York,11/13/1966,USA,7/11/2020
316,Micheal,Mercer,10/14/1957,USA,7/30/2019
317,Kristi,James,1/29/1956,Other,4/13/2021
318,Caroline,Boyle,7/16/1988,UK,2/25/2020
319,Colin,Benitez,9/22/1960,USA,7/6/2019
320,Dawn,Pugh,6/5/1987,Spain,12/19/2020
321,Kari,Dean,6/27/1980,Germany,8/21/2019
322,Clayton,Rogers,1/13/1962,Spain,9/15/2019
323,Arthur,Krueger,2/1/1988,UK,11/23/2020
324,Roger,Sellers,4/26/1978,Spain,12/28/2019
325,Roberto,Chang,1/24/1971,Georgia,8/10/2019
326,Priscilla,Lee,10/14/1992,Georgia,11/5/2020
327,Darren,Gamble,9/28/1968,Georgia,9/4/2021
328,Kelsey,Robinson,1/30/1959,Georgia,8/17/2019
329,Clinton,Johnson,10/14/1962,Georgia,7/13/2020
330,Walter,Padilla,5/9/1999,Spain,2/13/2020
331,Louis,Rogers,10/1/1965,Other,8/17/2020
332,Barbara,Chan,1/3/1987,Spain,12/31/2019
333,Isaac,Buck,5/4/1956,USA,8/21/2019
334,Cassie,Padilla,6/25/1950,USA,11/16/2020
335,Grant,Ayala,9/11/1961,France,7/22/2019
336,Cristina,Lucas,3/18/1962,Canada,7/18/2020
337,Tonya,Glover,7/6/1953,Georgia,9/5/2019
338,Rodney,Mann,6/29/1975,Georgia,8/4/2019
339,Bridget,Hinton,5/17/1988,Georgia,1/26/2020
340,Joe,Jefferson,12/7/1959,Spain,7/24/2020
341,Cindy,Kim,12/13/1986,Other,8/8/2021
342,Oscar,Larsen,9/20/1988,Other,2/7/2020
343,Willie,Ibarra,5/2/1996,UK,10/10/2020
344,Maurice,Lin,12/17/1983,Georgia,3/18/2021
345,Jaime,Pierce,4/5/1996,Germany,9/12/2021
346,Angelica,Carroll,6/29/1989,Germany,1/14/2020
347,Sharon,Ryan,10/2/1976,Georgia,8/10/2020
348,Julian,Harris,12/24/1969,Georgia,1/4/2021
349,Jack,Hooper,9/13/1997,Georgia,6/17/2019
350,Jay,Zhang,11/9/1971,USA,7/23/2021
351,Calvin,West,2/10/1984,USA,3/6/2021
352,Marie,Luna,10/27/1960,France,8/27/2020
353,Hector,Barr,8/25/1989,Other,5/17/2019
354,Kate,Hatfield,5/31/1988,USA,10/11/2021
355,Adrienne,Stark,1/26/1967,Other,2/25/2020
356,Tasha,Turner,2/18/1988,France,9/23/2021
357,Michele,Roman,3/15/1953,Spain,2/16/2021
358,Ana,Barnett,8/10/1996,Other,6/21/2020
359,Stefanie,Escobar,10/15/1992,Georgia,3/27/2020
360,Cara,May,10/23/1976,Other,8/25/2021
361,Alejandro,Christensen,5/24/1999,Georgia,7/3/2019
362,Ruben,Campbell,10/10/1953,Canada,4/26/2020
363,Gerald,Whitaker,1/13/1979,Other,4/19/2020
364,Audrey,Yu,9/2/1968,Georgia,1/31/2021
365,Kristine,Monroe,3/18/1967,Other,5/26/2021
366,Ann,Wells,12/20/1971,France,9/12/2021
367,Shana,Ayers,6/17/1994,Germany,3/3/2020
368,Javier,Fitzpatrick,2/22/1951,France,9/21/2020
369,Katelyn,Stephens,4/26/1966,Spain,8/12/2020
370,Brianna,Howe,8/17/1960,USA,6/11/2021
371,Bruce,Peters,9/4/1960,UK,8/19/2021
372,Deborah,Farrell,4/18/1957,Other,7/11/2019
373,Claudia,Mcdonald,8/30/1983,Canada,9/14/2021
374,Carla,Joseph,10/15/1995,Other,8/1/2019
375,Wayne,Tate,3/20/1956,Canada,8/9/2019
376,Roy,Coleman,7/15/1987,USA,6/8/2019
377,Virginia,Buckley,10/21/1962,USA,8/16/2020
378,Haley,Keith,9/26/1979,UK,4/22/2021
379,Brendan,Mckay,9/13/1995,Other,3/19/2021
380,Janelle,Parsons,10/9/1986,Georgia,10/29/2019
381,Jacquelyn,Hutchinson,10/3/1966,Germany,12/27/2020
382,Beth,Dawson,3/12/1983,Germany,1/18/2020
383,Edwin,Morse,9/2/1984,UK,11/27/2020
384,Dylan,Crawford,6/30/1996,Other,10/19/2021
385,Dominic,Zimmerman,11/18/1969,Georgia,12/2/2020
386,Latasha,Dodson,12/25/1971,Other,8/18/2021
387,Darrell,Walsh,5/5/1998,Germany,9/20/2019
388,Geoffrey,Hays,9/15/1983,Georgia,12/18/2020
389,Savannah,Estes,2/14/1984,Canada,4/6/2021
390,Reginald,Atkins,8/3/1997,France,3/8/2021
391,Carly,Cabrera,2/19/1974,Germany,3/13/2021
392,Fernando,Fields,4/3/1972,France,7/4/2021
393,Ashleigh,Sheppard,4/16/1997,USA,6/10/2019
394,Aimee,Oneill,11/17/1965,Canada,6/22/2020
395,Regina,Moran,1/6/1996,France,11/2/2020
396,Mandy,Burke,9/11/1977,UK,4/11/2021
397,Sergio,Molina,12/15/1988,Canada,9/20/2021
398,Rafael,Holloway,9/24/1963,Germany,3/27/2020
399,Pedro,Carroll,6/6/1978,France,6/11/2019
400,Janet,Tran,8/1/1958,Georgia,2/12/2020
401,Kaitlin,Stuart,3/11/1955,Spain,2/25/2020
402,Frederick,English,8/15/1994,Germany,8/5/2019
403,Cheryl,Parrish,11/21/1985,USA,7/21/2019
404,Autumn,Ramos,2/7/1972,Canada,6/17/2019
405,Tyrone,Sanford,1/14/1997,Spain,2/10/2020
406,Martha,Lutz,2/29/1972,Canada,10/4/2019
407,Omar,Galvan,8/28/1965,Georgia,12/9/2019
408,Lydia,Keith,10/13/1997,Georgia,1/9/2020
409,Jerome,Romero,1/8/1976,Germany,6/29/2021
410,Theodore,Hughes,2/2/1958,Georgia,3/19/2021
411,Abby,Levy,6/17/1970,Canada,8/12/2020
412,Neil,Pruitt,6/16/1990,USA,5/31/2020
413,Shawna,Erickson,10/5/1952,Germany,2/16/2020
414,Sierra,Woodard,5/7/1985,Georgia,6/17/2021
415,Nina,Rosario,8/13/1980,Georgia,1/27/2020
416,Tammy,Todd,6/6/1986,Spain,8/21/2020
417,Nikki,Pruitt,2/22/1954,Canada,12/28/2020
418,Terrance,Hickman,5/11/1965,Other,7/23/2019
419,Donna,Trujillo,11/11/1952,USA,8/9/2021
420,Claire,Wolf,3/14/1968,Germany,10/24/2021
421,Cole,Browning,12/6/1958,Spain,8/18/2021
422,Trisha,Durham,10/16/1988,USA,5/27/2019
423,Bonnie,Duncan,4/11/1953,France,2/11/2021
424,Diane,Roy,12/26/1982,France,10/13/2021
425,Summer,Ferrell,11/10/1985,Canada,1/25/2021
426,Carmen,Villanueva,5/30/1973,UK,7/19/2019
427,Mayra,Snyder,10/30/1959,Other,7/10/2019
428,Jermaine,Bates,3/27/1956,Georgia,5/18/2019
429,Eddie,Rose,8/7/1978,USA,10/11/2021
430,Micah,Chandler,1/7/1969,Spain,5/8/2021
431,Marvin,Barrera,11/22/1977,Spain,6/4/2020
432,Levi,Medina,5/11/1971,France,9/12/2021
433,Emmanuel,Higgins,8/12/1978,Spain,6/20/2020
434,Brad,Krause,7/4/1970,Spain,6/4/2020
435,Taryn,Mcneil,8/7/1980,Canada,6/1/2019
436,Toni,Mcfarland,4/15/1960,Canada,11/23/2020
437,Jessie,Khan,12/7/1997,Spain,11/4/2020
438,Evelyn,Malone,7/15/1950,Georgia,8/9/2020
439,Darryl,Stark,9/1/1957,Germany,12/19/2020
440,Ronnie,Mccall,7/16/1989,Spain,2/3/2021
441,Joy,Sexton,6/30/1996,USA,7/4/2020
442,Adriana,Payne,12/24/1994,USA,2/27/2020
443,Ruth,Hopkins,12/19/1975,Canada,7/14/2021
444,Mindy,Orr,9/21/1954,USA,6/6/2020
445,Spencer,Roman,12/14/1993,France,8/4/2021
446,Noah,Casey,4/23/1961,Spain,9/19/2019
447,Raul,Chen,9/27/1989,USA,1/24/2021
448,Suzanne,Ford,3/17/1979,France,1/30/2021
449,Sophia,Hogan,11/7/1983,USA,2/5/2020
450,Dale,Solis,4/5/1993,France,5/5/2021
451,Jodi,Casey,4/26/1963,Germany,4/30/2021
452,Christie,Chavez,6/6/1959,Georgia,8/24/2020
453,Raquel,Sandoval,12/26/1953,Germany,9/22/2020
454,Naomi,Graves,4/17/1985,Other,6/28/2020
455,Kellie,Rollins,5/27/1973,Germany,3/4/2020
456,Ernest,Boyle,8/8/1989,UK,11/8/2019
457,Jake,Kramer,10/20/1988,Canada,11/8/2019
458,Grace,Dodson,1/18/1987,Georgia,7/18/2021
459,Tristan,Riddle,9/13/1969,France,7/26/2020
460,Shanna,Miller,7/24/1953,USA,9/3/2019
461,Hilary,Holden,4/14/1980,Germany,2/1/2020
462,Eduardo,Hendricks,7/15/1969,USA,12/9/2019
463,Ivan,Daugherty,7/24/1989,Germany,1/28/2020
464,Hillary,Vasquez,7/13/1981,Spain,10/13/2019
465,Yolanda,Glover,2/25/1994,France,5/17/2020
466,Alberto,Torres,8/7/1977,Canada,9/9/2020
467,Andres,Jarvis,5/4/1975,Georgia,6/10/2021
468,Olivia,Mendez,1/7/1985,Canada,6/25/2019
469,Armando,Dennis,10/28/1954,Germany,1/19/2020
470,Paula,Ayers,3/7/1980,Germany,9/30/2020
471,Amelia,Terrell,6/5/1971,Canada,6/24/2020
472,Sheila,Gibson,3/21/1974,Other,11/7/2020
473,Rosa,Best,7/8/1976,Spain,7/22/2021
474,Robyn,Ibarra,9/19/1971,Germany,2/2/2020
475,Kurt,Oliver,11/29/1969,France,1/4/2021
476,Dane,Malone,11/2/1972,USA,1/28/2021
477,Glenn,Mccarty,7/30/1992,France,6/25/2019
478,Nicolas,Bowen,9/15/1962,France,11/29/2019
479,Gloria,Hawkins,12/13/1962,Germany,7/20/2021
480,Eugene,Gomez,4/29/1966,Georgia,10/25/2019
481,Logan,Patton,2/21/1985,UK,10/14/2019
482,Steve,Sandoval,10/4/1989,Germany,4/27/2020
483,Ramon,Mueller,5/15/1973,USA,6/15/2019
484,Bryce,Hays,12/20/1974,Other,9/5/2020
485,Tommy,Sanford,4/21/1964,Canada,12/18/2020
486,Preston,Woodward,10/27/1953,France,6/11/2021
487,Keri,Dudley,8/26/1994,USA,9/27/2020
488,Devon,Meadows,7/13/1973,Canada,2/24/2021
489,Alana,Cortez,12/24/1997,USA,2/13/2021
490,Marisa,Andrews,7/9/1972,UK,7/12/2019
491,Melody,Blevins,7/23/1971,Germany,10/5/2019
492,Rose,Schroeder,12/2/1987,Other,9/12/2020
493,Barry,Schmitt,10/17/1955,Spain,6/13/2019
494,Marco,Knox,8/31/1988,France,9/15/2019
495,Karl,Mckee,3/21/1989,UK,4/22/2021
496,Daisy,Galvan,7/13/1976,Other,11/15/2019
497,Leonard,Pineda,11/25/1977,UK,3/3/2021
498,Randi,Dean,2/6/1983,Georgia,8/14/2020
499,Maggie,Hudson,10/24/1981,France,10/28/2019
500,Charlotte,Daniel,6/27/1959,France,8/25/2019
501,Emma,Reynolds,6/11/1988,Canada,9/26/2019
502,Terrence,Mclean,3/7/1996,Georgia,10/11/2020
503,Justine,Parrish,4/14/1968,Other,1/22/2021
504,Britney,Miranda,3/30/1965,France,10/21/2021
505,Lacy,Harrell,5/15/1970,UK,8/26/2019
506,Jeanette,Chandler,2/14/1999,Georgia,7/18/2021
507,Francis,Hayes,6/29/1951,Other,10/14/2021
508,Tyson,Rangel,1/29/1983,Georgia,7/31/2019
509,Elise,Arnold,3/21/1972,Canada,4/8/2020
510,Sylvia,Adams,4/29/1990,Other,8/23/2021
511,Rachelle,Daugherty,1/25/1967,USA,3/1/2021
512,Stanley,Mayo,5/31/1960,Canada,4/3/2021
513,Debra,Calhoun,10/18/1956,Spain,2/8/2020
514,Brady,Silva,12/31/1950,Germany,8/5/2020
515,Charity,Wilcox,8/7/1963,Georgia,9/22/2019
516,Hope,Finley,4/29/1999,USA,7/4/2021
517,Melvin,Ayala,9/21/1952,Canada,1/12/2021
518,Johanna,Moran,7/6/1995,Germany,5/5/2020
519,Karla,Duffy,3/19/1961,USA,6/8/2020
520,Jarrod,Huber,7/27/1974,Canada,4/23/2020
521,Charlene,Booker,10/5/1985,Germany,9/29/2020
522,Gabrielle,Ray,6/2/1961,Other,11/11/2020
523,Cesar,Haas,12/6/1985,Spain,7/9/2020
524,Clifford,Bray,11/17/1950,Canada,5/24/2020
525,Byron,Love,2/20/1999,France,5/26/2019
526,Terrell,Brown,2/16/1971,Other,9/21/2019
527,Sonia,Chaney,8/5/1967,Canada,7/2/2021
528,Julio,Gross,5/31/1960,Spain,3/12/2021
529,Stacie,Stanton,12/21/1974,Other,1/20/2021
530,Shelby,Bird,6/28/1981,Canada,9/23/2020
531,Shelly,Chandler,6/26/1965,Georgia,5/10/2020
532,Edgar,Morales,10/28/1976,Spain,11/15/2019
533,Roxanne,Stone,11/15/1971,Canada,11/9/2020
534,Dwayne,Larsen,11/1/1964,France,4/5/2020
535,Kaitlyn,Thornton,12/29/1981,Other,8/11/2021
536,Kasey,Irwin,4/24/1975,France,10/9/2021
537,Jocelyn,Kemp,11/10/1984,Canada,7/19/2019
538,Alexandria,Horton,6/14/1969,Canada,9/3/2020
539,Harold,Preston,8/1/1991,Spain,9/6/2019
540,Esther,Fritz,7/15/1955,France,3/28/2020
541,Kerri,Frazier,5/3/1960,Canada,7/30/2020
542,Ellen,Petersen,6/6/1955,UK,7/28/2020
543,Abraham,Yoder,7/28/1980,UK,6/25/2020
544,Cedric,Russell,10/17/1961,Georgia,7/20/2021
545,Carol,Ortiz,9/27/1993,Spain,7/22/2021
546,Katharine,Walter,1/10/1984,Georgia,4/16/2020
547,Shauna,Melendez,2/9/1966,Other,8/23/2020
548,Frances,Finley,4/25/1968,USA,5/24/2021
549,Antoine,Durham,12/15/1970,Georgia,10/3/2020
550,Tabatha,Moreno,8/13/1986,Canada,10/19/2020
551,Annie,Fields,1/1/1956,Canada,3/13/2020
552,Erick,Reyes,3/12/1965,Spain,2/29/2020
553,Alissa,Oneal,5/6/1997,Canada,5/7/2020
554,Sherry,Roach,4/28/1987,Germany,12/20/2020
555,Chelsey,Richard,5/17/1996,Other,10/28/2019
556,Franklin,Dalton,5/11/1982,Canada,5/8/2020
557,Branden,Gardner,7/17/1981,Georgia,8/3/2019
558,Helen,Burch,5/24/1990,Germany,3/26/2021
559,Traci,Ward,1/23/1992,UK,6/20/2021
560,Lorenzo,Wallace,12/18/1977,Canada,9/4/2020
561,Dean,Mayo,11/10/1977,Spain,5/9/2021
562,Sonya,Atkins,4/19/1987,USA,10/3/2019
563,Briana,Nichols,2/5/1993,Canada,5/28/2020
564,Angelina,Pruitt,4/1/1976,Other,12/15/2019
565,Trista,Ortega,6/16/1991,Spain,9/9/2021
566,Bianca,Farmer,9/25/1993,Spain,6/17/2021
567,Leticia,Downs,8/7/1962,UK,8/20/2019
568,Tia,Mayo,11/2/1981,France,3/31/2020
569,Kristie,Parks,7/13/1969,Germany,2/15/2020
570,Stuart,Bates,5/13/1993,Other,5/13/2020
571,Laurie,Hammond,3/2/1969,Spain,9/25/2021
572,Harry,Prince,2/3/1992,USA,5/30/2020
573,Leigh,Banks,10/28/1971,Canada,9/24/2019
574,Elisabeth,Henry,1/25/1994,Georgia,12/25/2019
575,Alfredo,Jennings,10/14/1969,Spain,7/30/2019
576,Aubrey,Cordova,5/26/1975,Other,5/18/2019
577,Ray,Ellis,3/30/1953,France,7/31/2021
578,Arturo,Atkins,11/29/1994,Canada,6/6/2019
579,Joey,Rosario,5/29/1981,Canada,5/6/2021
580,Kelley,Krueger,2/25/1982,UK,6/12/2021
581,Max,Erickson,11/28/1984,USA,8/27/2021
582,Andy,Blankenship,11/30/1965,Canada,9/12/2019
583,Latisha,Cisneros,10/4/1957,Canada,6/13/2019
584,Johnathon,Williams,2/24/1953,Georgia,5/25/2021
585,India,Buck,5/9/1968,France,11/23/2020
586,Eva,Stanton,8/2/1992,Georgia,2/5/2020
587,Ralph,Mckay,5/6/1995,Georgia,7/22/2019
588,Yvonne,Tran,8/25/1975,USA,10/21/2020
589,Warren,Glass,3/31/1953,USA,8/2/2020
590,Kirsten,Key,4/30/1983,France,6/27/2019
591,Miriam,Robinson,10/13/1951,France,6/20/2019
592,Kelvin,Padilla,1/13/1964,Canada,12/21/2020
593,Lorena,Hickman,10/8/1981,Canada,10/13/2021
594,Staci,Thomas,5/23/1962,Other,6/4/2021
595,Anita,Mckinney,4/16/1950,Other,8/4/2020
596,Rene,Maddox,5/27/1964,UK,6/16/2019
597,Cortney,Hurst,4/10/1995,France,6/12/2019
598,Orlando,Herrera,3/16/1956,Other,5/11/2020
599,Carissa,Malone,10/13/1958,Germany,7/25/2019
600,Jade,Mcgrath,7/2/1983,USA,2/5/2020
601,Camille,Gilmore,11/22/1986,Georgia,7/10/2019
602,Leon,Coffey,8/25/1996,Georgia,7/9/2019
603,Paige,Parker,12/26/1959,UK,8/10/2019
604,Marcos,Kerr,8/14/1985,Spain,3/17/2021
605,Elena,Anderson,3/25/1951,Spain,12/18/2019
606,Brianne,Shelton,8/17/1983,USA,7/20/2020
607,Dorothy,Landry,6/28/1984,Spain,5/19/2021
608,Marshall,Garza,2/26/1951,Canada,10/7/2020
609,Daryl,Sweeney,12/21/1990,Canada,7/7/2021
610,Colby,Shaffer,9/23/1985,France,11/8/2020
611,Ivie,Conroy,10/5/1975,Other,5/3/2021
612,Ebonie,Shields,9/20/1997,Georgia,10/11/2021
613,Thierry,Osborne,4/18/1953,Canada,6/27/2020
614,Santino,Carter,8/25/1976,France,2/20/2021
615,Farah,Howells,11/7/1986,USA,1/22/2021
616,Lex,Guthrie,11/8/1989,USA,9/24/2019
617,Aran,Summers,8/15/1977,France,10/12/2021
618,Ffion,Levine,1/23/1959,Canada,10/24/2021
619,Kuba,Sierra,11/14/1978,Canada,8/1/2019
620,Stephen,Seymour,4/2/1960,Other,11/20/2020
621,Can,Shelton,10/15/1958,Spain,12/27/2019
622,Naima,Rodgers,11/16/1976,Other,6/23/2019
623,Heena,Mclaughlin,4/2/1988,Germany,1/1/2021
624,Kieron,Pham,5/4/1959,Germany,3/4/2021
625,Nahla,Branch,3/7/1979,USA,6/22/2019
626,Priya,Saunders,3/27/1996,UK,4/19/2020
627,Mateusz,Bevan,10/16/1956,USA,7/14/2019
628,Ellena,Oneil,11/14/1960,Georgia,9/22/2019
629,Darnell,Crawford,7/1/1996,UK,11/18/2020
630,Philippa,Whitehouse,3/15/1983,Georgia,2/5/2021
631,Teagan,Hilton,1/2/1964,Georgia,4/27/2021
632,Elicia,Butler,11/1/1985,Spain,1/9/2021
633,Alessia,Slater,4/7/1991,Spain,6/10/2019
634,Carly,Ewing,10/10/1964,Germany,5/25/2019
635,Eloisa,Browne,1/19/1970,USA,6/26/2020
636,Jakub,Schaefer,11/14/1967,Other,6/24/2020
637,Rachael,Peterson,1/6/1960,UK,11/17/2019
638,Skyla,Haley,10/18/1992,Germany,12/3/2020
639,Leila,Bowes,4/6/1974,USA,9/28/2020
640,Avery,Bowler,3/17/1956,Georgia,7/3/2020
641,Mea,Mata,6/3/1955,Germany,1/27/2021
642,Maha,Wilcox,12/3/1985,Germany,1/10/2020
643,Enzo,Bean,7/19/1980,France,11/3/2019
644,Tara,Burt,10/13/1992,Other,5/14/2020
645,Odin,Livingston,5/2/1950,USA,1/28/2021
646,Annalise,Benson,4/15/1990,Spain,10/12/2019
647,Tierney,Le,7/15/1993,Spain,6/21/2020
648,Samanta,Flower,10/25/1952,Germany,8/4/2020
649,Elowen,Lamb,4/4/1982,France,2/1/2020
650,Aniela,Kirk,5/5/1991,France,11/2/2019
651,Etienne,Croft,7/25/1985,Georgia,3/19/2020
652,Arnie,Bray,7/29/1964,Germany,12/25/2019
653,Emer,Boone,4/7/1995,USA,3/7/2021
654,Dahlia,Burks,7/24/1955,Spain,7/25/2021
655,Leigh,Rigby,11/3/1977,UK,10/18/2019
656,Ember,Fields,3/2/1977,Germany,5/26/2020
657,Samara,Chase,8/24/1950,Canada,11/17/2019
658,Pearl,Cardenas,12/23/1994,UK,5/1/2021
659,Leonidas,Dunn,9/29/1973,Germany,4/14/2021
660,Daisy-May,Webster,4/7/1978,France,5/22/2019
661,Rachelle,Graves,8/1/1965,Canada,7/21/2019
662,Gruffydd,Storey,5/27/1998,France,7/23/2019
663,Alanah,Bourne,3/26/1954,Canada,2/10/2020
664,Billie-Jo,Bowen,6/6/1997,France,9/28/2021
665,Fintan,Torres,3/22/1994,USA,11/2/2019
666,Halima,Whittaker,7/2/1976,Canada,12/24/2020
667,Kareem,Pope,8/3/1961,Other,1/31/2021
668,Keira,Osborn,8/10/1971,Germany,6/27/2021
669,Brendon,Brook,3/8/1999,USA,4/3/2021
670,Diane,Ruiz,4/19/1982,UK,10/14/2020
671,Anas,Ingram,10/29/1954,France,6/13/2019
672,Giuseppe,Page,11/5/1967,France,7/14/2019
673,Gordon,Easton,8/1/1978,UK,4/13/2021
674,Teodor,Corona,3/12/1952,Georgia,11/22/2020
675,Isra,Levy,12/16/1983,Canada,1/23/2020
676,Abdur,Hendricks,12/25/1980,UK,6/17/2021
677,Greta,Mcphee,4/13/1956,Spain,11/8/2019
678,Marguerite,Lawson,3/9/1972,UK,7/17/2019
679,Gary,Robles,10/11/1967,UK,9/30/2020
680,Mehmet,Nichols,8/4/1975,Other,6/19/2021
681,Neriah,Pickett,8/18/1979,USA,3/19/2020
682,Alissia,Wagner,9/16/1969,Canada,8/29/2020
683,Jun,Gordon,3/12/1966,Spain,2/22/2020
684,Zoya,Reader,6/18/1966,USA,12/26/2019
685,Aaryan,Edwards,4/27/1997,Other,8/13/2019
686,Jaimee,Melendez,6/11/1987,Other,6/16/2021
687,Dario,Maldonado,8/22/1974,USA,2/3/2021
688,Rima,Couch,1/4/1959,UK,6/30/2019
689,Roxie,Farrington,4/25/1959,Other,11/2/2020
690,Teri,Dominguez,3/30/1976,Spain,7/11/2021
691,Alaya,Rasmussen,6/13/1954,Spain,10/11/2021
692,Jett,Jaramillo,1/23/1989,Germany,1/30/2021
693,Ezra,Major,7/21/1966,Georgia,8/4/2019
694,Hajrah,Carr,5/31/1961,USA,5/30/2019
695,Rosemarie,Montgomery,2/6/1956,Germany,7/4/2019
696,Izabelle,Hamer,11/10/1963,Other,11/21/2019
697,Macsen,Justice,6/30/1958,Georgia,4/23/2020
698,Clarence,Murphy,1/6/1993,USA,9/15/2021
699,Tulisa,Milne,2/20/1978,USA,5/16/2019
700,Reggie,Weber,7/13/1982,UK,2/1/2021
701,Yunus,Blanchard,3/23/1950,France,4/15/2021
702,Ryan,Shaw,2/27/1950,Other,5/22/2020
703,Sharmin,Daniels,2/19/1972,France,6/29/2021
704,Barbara,East,8/28/1977,Other,11/12/2020
705,Zakary,Hough,7/30/1970,Georgia,7/18/2020
706,Lucinda,Greene,12/11/1958,France,10/22/2021
707,Abraham,Merrill,9/25/1969,Germany,6/9/2020
708,Harris,Salt,10/26/1981,Other,9/23/2021
709,Eve,Freeman,11/5/1959,Spain,3/27/2021
710,Dawood,Vaughn,10/27/1976,Canada,9/1/2019
